line,flag_count,flags,word_count,details,input,output
68,3,conclusion_label; restatement_opener; defines_basic_terms,61,[conclusion_label] this ensures | [restatement_opener] Judge kick is legitimate because it's a logical extension of conditionality. | [defines_basic_terms] which means ,[General · theory] Why is judge kick legitimate?,"Judge kick is legitimate because it's a logical extension of conditionality. The aff's burden is to prove the plan is better than all options, not just the CP, which means the judge should evaluate the status quo if the CP is rejected. This ensures the neg can test the aff against the full range of competitive options, including the status quo."
69,2,conclusion_label; restatement_opener,58,[conclusion_label] outweighs on magnitude | [restatement_opener] The aff should get 1AR theory because the neg can engage in nearly infinite abus,[Aff · theory] Why should the aff get 1AR theory?,"The aff should get 1AR theory because the neg can engage in nearly infinite abuse, like delivering a 13-minute 1NC or stacking numerous NIBs, leaving the aff without recourse. This outweighs on magnitude and probability since it means the aff would lose every round and creates a structural incentive for the neg to be abusive in every round."
108,2,conclusion_label; restatement_opener,38,"[conclusion_label] this undermines | [restatement_opener] We should reject meta-theory because it leads to infinite regress, where debater",[General · reject meta-theory · 2NR] Why should we reject meta-theory?,"We should reject meta-theory because it leads to infinite regress, where debaters can continuously read theory on top of theory. This undermines the judge's ability to make a final decision, as it imposes a meta-constraint on their jurisdiction."
117,2,conclusion_label; restatement_opener,43,[conclusion_label] this ensures | [restatement_opener] We should preserve fidelity for the 2NR to the 1NC because unwarranted blip stor,[Aff · framework 2AR] Why should we preserve fidelity for the 2NR to the 1NC?,"We should preserve fidelity for the 2NR to the 1NC because unwarranted blip storms shouldn't be evaluated. This ensures that new 2NR claims are scrutinized, and those without warrants are rejected. Allowing otherwise turns the debate into a tricks contest, undermining substantive engagement."
151,2,filler_phrase; restatement_opener,79,"[filler_phrase] ultimately, | [restatement_opener] We should prioritize education over fairness in debate because fairness is only ",[General · fairness vs education] Why should we prioritize education over fairness in debate?,"We should prioritize education over fairness in debate because fairness is only a means to achieve educational outcomes. If a debate were fair but lacked educational value, it would serve no purpose. Education provides long-term benefits beyond debate, equipping us with skills useful in life, whereas fairness impacts only the immediate round. Debate without education is meaningless; a perfectly fair debate could be a coin flip, which teaches nothing. Ultimately, the educational benefits are why we engage in debate."
155,2,conclusion_label; filler_phrase,47,[conclusion_label] this demonstrates; which outweighs | [filler_phrase] this demonstrates,[Neg · strat skew · 2NR] Why is the aff skew incorrect?,"The aff skew is incorrect because it's empirically disproven; affs often overcome 1N shells and still win rounds with their own shell. This demonstrates that the supposed strategic disadvantage doesn't hold up in practice. Additionally, affs have the advantage of verifiability, which outweighs concerns about strat skew."
209,2,conclusion_label; restatement_opener,38,[conclusion_label] this undermines | [restatement_opener] We should reject bidirectional interpretations because they are used purely for ,[Neg · bidirectional interps] Why should we reject bidirectional interpretations?,"We should reject bidirectional interpretations because they are used purely for strategic purposes, like when debaters read ACC or straight ref bad only in difficult rounds. This undermines norming by preventing a clear set of rules for debate."
2,1,word_count,34,[word_count] 34 words (too sparse),[Neg · Representations K] Why can't the AFF weigh case against the K?,"The aff can't weigh case against the K because the K is procedural, similar to condo or disclosure. Theoretical practices, like those addressed in the K, must be resolved before substantive impacts like extinction."
10,1,conclusion_label,76,[conclusion_label] this shows that,[General · reps K] Why does winning in debate change norms?,"Winning in debate changes norms because ballots have a spillover effect that influences social practices. 1. Explanatory power: Debate is a negotiable game where victory is intertwined with social practices, as seen in the evolution of theoretical norms and the shift in K debate. This shows that successful arguments drive change. 2. Counterfactuals: Imagine if teams like Louisville, Emporia, and Rutgers never won a round. If debate would look different, it proves that winning impacts norms."
20,1,conclusion_label,50,[conclusion_label] this means that,[Neg · reps K] What's the best answer to clash when answering plan focus?,"Clash is a non-starter in the context of a reps K because engaging in clash over racist research only reinforces and refines those racist tendencies, as shown by subject formation theory. This means that focusing on clash doesn't solve the problem but instead perpetuates the harmful representations the K critiques."
29,1,restatement_opener,60,[restatement_opener] The aff should get RVIs for two reasons.,[Aff · RVIs] Why should the affirmative get RVIs?,"The aff should get RVIs for two reasons. First, RVIs improve theory quality by discouraging frivolous theory shells since there's a risk of losing the round. Second, RVIs address skew by giving the aff a chance to gain offense on the same layer, balancing the time constraints of the 1AR, which otherwise has to handle both theory and substantive arguments."
32,1,conclusion_label,75,[conclusion_label] this undermines,[Neg · condo] Why should conditionality be a voting issue?,"Conditionality should be a voting issue because it turns counterplans into no-risk propositions, discouraging in-depth research and promoting 1NC sandbagging. This undermines engagement by reducing the substantive quality of debates. The skew from condo magnifies this impact, making the 2AR unmanageable when strategic 1AR time allocation is punished. Dispositionality is a better alternative because it allows the neg to kick by conceding defense or perms, while still enabling thorough testing with one advocacy per topic."
36,1,conclusion_label,58,[conclusion_label] this means that,"[Neg · condo] How do you answer the argument that conditionality increases information processing, which is best for education?","The argument that only the quality of information matters flips aff because condo allows the 1NC to present contradictory, no-risk advocacies, which disincentivizes nuanced engagement. This means that while condo might increase the quantity of information, it doesn't enhance educational value since the neg can avoid committing to any specific position, reducing the depth of analysis and understanding."
38,1,restatement_opener,75,[restatement_opener] The aff should have to provide a counter solvency advocate (CSA) when defending ,[Aff · theory] Why should the AFF have to provide a counter solvency advocate to their plan?,"The aff should have to provide a counter solvency advocate (CSA) when defending a plan other than the resolution to ensure fairness and clarity. First, without a CSA, the aff could specify infinite, uncontestable arguments, making it impossible for the neg to engage effectively. Second, a CSA helps clarify the aff's advocacy and implementation, preventing ambiguity and ensuring the neg can adequately respond. This requirement maintains balanced ground and limits, allowing for a fair debate."
45,1,restatement_opener,76,[restatement_opener] We should reject new 2AR weighing for three reasons.,[Neg · theory] Why should we reject 2AR weighing?,"We should reject new 2AR weighing for three reasons. First, it makes the 2NR impossible because the neg would have to preemptively respond to arguments that haven't been made yet. Second, it violates jurisdiction since the judge can't evaluate a debate where one side had no chance to answer those arguments. Third, the aff already had the chance to make weighing arguments in the 1AR, so allowing them in the 2AR rewards sandbagging and kills clash."
47,1,conclusion_label,85,[conclusion_label] this undermines,[General · theory] Why should we reject 1AR theory?,"Reject 1AR theory because it highlights unfairness rather than proving the plan's merit. First, it skews the 2NR by forcing them to overcover theory due to the 7/6, 2 speech structure, giving the 2AR an uncontested advantage. This makes theory inherently aff-biased and pushes the 2NR into poor strategic choices. Second, it invites judge intervention, either by always accepting 2AR responses or by making subjective decisions on argument strength. This undermines resolvability, as intervention leads to bias, making it impossible to overcome with better arguments."
48,1,restatement_opener,108,[restatement_opener] We should drop the argument on 1AR theory for several reasons.,[Aff · theory] Why should we drop the argument on 1AR theory?,"We should drop the argument on 1AR theory for several reasons. First, late-breaking theory benefits the aff because they have 3 minutes to expand on 3-second 1AR blips that might be missed. Second, ballot implications incentivize 1AR restarts, undermining the value of the NC substance. Third, it forces judge intervention, staking the debate on a brief shell that can be easily expanded. Fourth, focusing on topic education is more valuable than vague deterrence claims since we have limited time to learn but years to set norms. Finally, 2ARs can collapse to either theory or substance, while the neg has to split time and cover whatever the aff undercovers."
49,1,restatement_opener,74,[restatement_opener] We should use reasonability on 1AR theory because the aff needs to employ multip,[General · theory] Why should we use reasonability on 1AR theory?,"We should use reasonability on 1AR theory because the aff needs to employ multiple strategies to counter the neg's ability to collapse in the 2NR, which gives them a 7-6 rebuttal advantage. Additionally, the neg has two speeches to the aff's one, allowing them more opportunities to make implications and weighing arguments. Reasonability helps balance these structural advantages by allowing the aff to run multiple theory arguments without being overwhelmed by frivolous theory shells."
62,1,restatement_opener,77,[restatement_opener] We should get RVIs on 1AR theory for two reasons.,[General · RVIs] Why should we get RVIs on 1AR theory?,"We should get RVIs on 1AR theory for two reasons. First, skew: the 1AR can spend just 20 seconds on a shell and still win, forcing the 2NR to over-allocate time and dedicate at least a fifth of their speech to it. An RVI corrects this skew by letting the 2NR regain lost time. Second, norming: without RVIs, the 1AR can throw out shells as no-cost options, discouraging strong norms and leaving the 2NR with no recourse."
63,1,restatement_opener,61,[restatement_opener] We should use reasonability because offense-defense theory encourages debaters t,[General · theory] Why should we use reasonability?,"We should use reasonability because offense-defense theory encourages debaters to pursue arbitrary interpretations with minimal offense, detracting from substantive debate. Reasonability allows sufficient defense to be enough, focusing the debate on substantive issues where both sides have invested time and where the most learning occurs. By conceding from topicality, reasonability helps maintain a focus on the core arguments of the debate."
66,1,conclusion_label,91,[conclusion_label] fostering better clash,[General · PICs] Why are PICs good?,"PICs are good for three reasons. First, logic and clash: PICs show a part of the plan is flawed and should be excluded. Arbitrarily excluding legitimate neg is unpredictable and a slippery slope to excluding all counterplans. Second, neg flex: the aff chooses the plan and gets first and last speech, which is also terminal defense because we can only negate what the aff chooses to defend. Third, real world education: PICs mirror real-world policymaking, where bills are often amended, fostering better clash and understanding which is the only portable impact."
98,1,word_count,161,[word_count] 161 words (possibly padded),[General · RVIs] Why are RVIs good?,"RVIs are good for several reasons. First, reciprocity ensures equal access on the highest layer of the theory debate, preventing the neg from having an unfair advantage by only gaining offense from shells. Second, RVIs promote clash by discouraging bad theory arguments since the risk of losing to an RVI deters frivolous shells. Third, they uphold logic by rewarding the side that promotes a better model of debate. Fourth, RVIs set norms by preventing bad norms from forming through theory debates, as they add risk to running weak shells. Fifth, they address time skew because the aff must overcover the shell while the neg can collapse in the next speech. Sixth, RVIs mitigate strat skew since the aff has already invested prep and speech time on the shell, impacting their ability to focus on substance. Finally, RVIs ensure that theory is only used when there's actual abuse, as the neg must commit to their shell rather than engaging in frivolous debates."
102,1,restatement_opener,95,[restatement_opener] We should reject 1AR independent voting issues because they create a significant,[Neg · 1AR voting issues · 2NR] Why should we reject 1AR independent voting issues?,"We should reject 1AR independent voting issues because they create a significant time skew, allowing the aff to expand a brief argument into a lengthy collapse, regardless of the 2NR's focus. This encourages lazy debating by avoiding clash and incentivizing up-layering. Additionally, they give the aff a psychological advantage in the 2AR, as judges may favor their collapse. These issues present no risk for the aff, enabling them to introduce multiple arguments that split the 2NR's focus. Finally, they function as structural skews, turning short, low-risk arguments into massive NIBs that further divide the 2NR."
104,1,restatement_opener,51,[restatement_opener] We should evaluate the IVI debate after the 2NR for three reasons.,[Neg · IVI debate · 2NR] Why should we evaluate the IVI debate after the 2NR?,"We should evaluate the IVI debate after the 2NR for three reasons. First, reciprocity: both sides get one speech each, ensuring fairness. Second, psychology: it balances against overly persuasive 2ARs that might unfairly sway the judge. Third, intuition: if the 2NR arguments were truly problematic, the judge would intuitively reject them."
106,1,restatement_opener,51,[restatement_opener] We should reject combo shells because they don't generate consistent norms for f,[General · reject combo shells · 2NR] Why should we reject combo shells?,"We should reject combo shells because they don't generate consistent norms for future debates, which is essential for theory. Combo shells also encourage adding random planks, making it hard to generate counter-interp offense and quantify the abuse each plank addresses. Reading separate shells for each issue resolves their offense more effectively."
107,1,restatement_opener,51,[restatement_opener] We should use drop the argument because it's more real-world; you wouldn't face ,[General · DTA paradigm issues · 2NR] Why should we use drop the argument?,"We should use drop the argument because it's more real-world; you wouldn't face the death penalty for jaywalking. This approach lets us focus on substantive debate, which is crucial given we only have two months on the topic. There's no spillover reason why a violation should prevent engagement with other arguments."
110,1,restatement_opener,74,"[restatement_opener] The aff should get 1AR theory because otherwise, it leads to infinite abuse, and",[Aff · 1AR theory] Why should the aff get 1AR theory?,"The aff should get 1AR theory because otherwise, it leads to infinite abuse, and the 1AR's limited time can't adequately address all arguments. First, competing interps justify 1AR theory since the aff needs a fair chance to respond to the neg's strategy without being overwhelmed. Second, reasonability on 1NC theory is crucial because the 1AR's four minutes aren't enough to handle every argument, especially when facing infinite bidirectional interps that the aff can't meet."
112,1,restatement_opener,72,[restatement_opener] We should evaluate the debate after the 2AR because not doing so creates an unfa,[General · Debate Evaluation] Why should we evaluate the debate after the 2AR?,"We should evaluate the debate after the 2AR because not doing so creates an unfair time skew, disadvantaging the aff by giving the neg the last word. It would also be arbitrary to cut off evaluation before the 2AR, as it disrupts the balance of speech times and prevents the aff from fully responding to the 2NR. Evaluating after the 2AR ensures both sides have equal opportunity to make their final arguments."
113,1,restatement_opener,81,[restatement_opener] We should use comparative worlds over truth testing because it forces the neg to,[General · comparative worlds] Why should we use comparative worlds over truth testing?,"We should use comparative worlds over truth testing because it forces the neg to engage with the topic substantively rather than relying on low-quality resolution flaw arguments. Truth testing lets the neg disprove any part of the aff, requiring the aff to defend every part, which isn't reciprocal. Truth testing also implies that only the resolution matters, ignoring other important issues like making debate unsafe. Additionally, ""resolved"" in the resolution implies the issue has already been settled, which supports comparative worlds."
116,1,restatement_opener,58,[restatement_opener] We should focus on models in this debate because floating disadvantages don’t pr,[Aff · framework 2AR] Why should we focus on models in this debate?,"We should focus on models in this debate because floating disadvantages don’t provide offense unless they’re linked to a model that resolves them. By centering the debate on models, we ensure that arguments are grounded in a coherent framework that can address and mitigate potential issues, rather than relying on isolated disadvantages that lack a clear resolution mechanism."
124,1,conclusion_label,55,[conclusion_label] this allows,"[Neg · functionally intrinsic perms · 2NR] Why should we reject functionally intrinsic, textually non-intrinsic perms?","Reject functionally intrinsic, textually non-intrinsic perms because they turn debate into a word scramble by divorcing words from their context. This allows for infinite unpredictable perms, undermining engagement. Teams could exploit this by using large plan texts with all conjunctive nouns to connect phrases, making it impossible to predict or engage with their strategy effectively."
125,1,restatement_opener,68,[restatement_opener] We should reject delay counterplans because they allow the aff to straight turn ,[Neg · delay counterplans · 2NR] Why should we reject delay counterplans?,"We should reject delay counterplans because they allow the aff to straight turn or impact turn the CP's net benefit, while the neg can't do the same. Delay CPs push debates into the future, where the aff can resolve turns, like heg bad turns resolving after a geopolitical shift. Additionally, the aff inherently has uniqueness and reasons for immediate action, making them strategically equipped to beat delay CPs."
127,1,terminal_label,79,[terminal_label] This middle ground resolves cheating CPs while preserving neg ground.,[Neg · counterplan competition · 2NR] Why shouldn't competition be based on theory,"Competition shouldn't be based on theory because a CP can be competitive even if it's theoretically illegitimate. The neg doesn't have to win on ""Process CPs bad"" theory unless the aff proves a hypothetical delay CP is so bad that all CPs competing off immediacy should be rejected, which is arbitrary. This approach is a sliding scale, meaning the aff must win theory on the specific CP in question. This middle ground resolves cheating CPs while preserving neg ground."
137,1,restatement_opener,77,[restatement_opener] We should reject RVIs for two reasons.,[Neg · No RVIs] Why should we reject RVIs?,"We should reject RVIs for two reasons. First, they create a chilling effect: the aff can prep a long counterinterp in the 1AR and then collapse and weigh in the 2AR, discouraging negs from reading theory against skilled debaters, leading to infinite abuse. Second, RVIs are illogical because ""I'm fair, vote for me"" doesn't make sense; you don't win just for being fair. Logic is crucial on theory since all arguments must be coherent to be evaluated."
141,1,restatement_opener,80,[restatement_opener] We should use drop the argument (DTA) on theory for three reasons.,[General · Drop the Argument] Why should we use drop the argument on theory?,"We should use drop the argument (DTA) on theory for three reasons. First, proportionality: penalizing small fairness violations with a loss is excessive, like giving the death penalty for stealing candy. Second, topic education: DTA allows us to still engage with the topic and gain educational value, while drop the debater (DTD) sacrifices this for minor infractions. Third, theory norming: DTD undermines theory's legitimacy by incentivizing its use for marginal violations, which doesn't establish meaningful norms and diminishes theory's value."
144,1,restatement_opener,67,[restatement_opener] We should use reasonability because it prevents debaters from winning with margi,[General · reasonability] Why should we use reasonability?,"We should use reasonability because it prevents debaters from winning with marginal offense on regressive shells. By setting a brightline for what constitutes a reasonable argument, you can focus on defending the strength of your interpretation rather than getting bogged down by frivolous or harmful shells. This approach allows you to effectively win on solid defense, like near terminal defense, without being overwhelmed by weak offensive claims."
145,1,restatement_opener,52,[restatement_opener] We should reject reasonability because it's arbitrary and forces judge intervent,[General · reasonability] Why should we reject reasonability?,"We should reject reasonability because it's arbitrary and forces judge intervention. It allows the 2AR to recontextualize arguments to always appear as the more reasonable side, which skews the debate and undermines fairness. This subjectivity can lead to unpredictable outcomes and gives undue power to the judge's perception rather than objective standards."
147,1,conclusion_label,65,[conclusion_label] this means that,[General · reasonability collapses] Why does reasonability collapse to competing interpretations?,"Reasonability collapses to competing interpretations because you end up using an offense/defense paradigm to evaluate brightlines. This means that instead of just determining if something is reasonable, you compare competing standards to see which one provides a clearer or more predictable guideline. The need to weigh these standards against each other inherently shifts the debate from a simple reasonability check to a contest of interpretations."
159,1,defines_basic_terms,57,[defines_basic_terms] which means ,[Neg · T] Why does topicality outweigh?,"Topicality outweighs because if the aff isn't topical, they're not truly affirming the resolution, which means they haven't fulfilled their burden. The ballot is about who did the better debating within the constraints of the resolution. If the aff isn't topical, they haven't engaged with the resolution as required, so you can't evaluate their debating as better."
161,1,restatement_opener,74,[restatement_opener] We should prefer a norms creation model over an in-round abuse model for three r,[General · norm setting vs in round abuse] Why should we prefer a norms creation model over an in round abuse model of competing interpretations?,"We should prefer a norms creation model over an in-round abuse model for three reasons. First, resolvability: it's impossible to quantify in-round abuse since it's intangible, so we need to evaluate if the norm itself is beneficial. Second, norm setting: without it, debaters could exploit the system with arbitrary defenses, undermining the purpose of theory. Third, accessibility: a norms-focused approach fosters a safer debate environment, enhancing accessibility, which is crucial for the activity's viability."
163,1,restatement_opener,72,[restatement_opener] We should prefer text over spirit in theory debates for two main reasons.,[General · Text over Spirit] Why should we prefer text over spirit in theory debates?,"We should prefer text over spirit in theory debates for two main reasons. First, verifiability: the spirit of an argument is subjective and unverifiable, leading to irresolvable rounds and potential infinite abuse as debaters could claim any spirit they want. Second, a double bind: if judges evaluate arguments not made, they could unfairly assess content not in the round; if they don't, then spirit can't be evaluated as it wasn't explicitly stated."
166,1,word_count,148,[word_count] 148 words (possibly padded),[Neg · meta theory · 2NR] Why should we reject meta theory arguments in the 1AR?,"You should reject meta theory arguments in the 1AR for several reasons. First, it incentivizes abuse by allowing debaters to bait theory and then pivot to meta theory, undermining fairness and setting bad norms. Second, it leads to infinite regress, making rounds irresolvable since meta theory can endlessly stack shells, which is unworkable because debates need clear winners. Third, meta theory is unreciprocal, giving the aff a structural advantage by allowing them to read it in both the 1AR and 2AR, which skews fairness. Fourth, even if meta theory is relevant, it should only be a reason to drop the argument, not the debater, since it doesn't prove substantive skew. Fifth, it kills clash by encouraging a race to the highest layer, detracting from education and advocacy skills. Lastly, logic dictates that theory violations arise from substantive arguments, not other theory, so meta theory doesn't preclude normal theory."
167,1,restatement_opener,107,[restatement_opener] We should reject combo shells because they create strat skew and are functionall,[General · reject combo shells] Why should we reject combo shells?,"We should reject combo shells because they create strat skew and are functionally NIBs. First, with multiple planks, the neg can claim any single practice is bad, forcing the aff to defend every plank individually. This makes it impossible for the aff to win on isolated good practices since each can be deemed bad in combination. Second, combo shells complicate resolvability because winning offense on one plank doesn't help if the neg wins on another, making it impossible to weigh them. Third, they fail at norm setting since the likelihood of the same abuse occurring in other rounds is low, given the multitude of practices they target."
169,1,restatement_opener,108,[restatement_opener] We should reject 1AR theory because it creates a time skew that unfairly advanta,[Neg · 1AR theory] Why should we reject 1AR theory?,"We should reject 1AR theory because it creates a time skew that unfairly advantages the aff. A] The aff gets 7 minutes across the 1AR and 2AR compared to the neg's 6-minute 2NR, giving them a significant advantage in the theory debate. B] The 2AR's 3 uncontested minutes let the aff collapse to dropped arguments, making it impossible for the neg to cover everything. C] It invites judge intervention by forcing new responses to the counterinterp, which is worse than infinite abuse since it relies on judge discretion instead of in-round arguments. These factors mean the neg's abuse outweighs the aff's, leading to an auto-loss for the aff."
171,1,restatement_opener,63,[restatement_opener] We should evaluate the 1AR theory debate directly after the 2NR because it ensur,[Neg · 1AR theory] Why should we evaluate the 1AR theory debate directly after the 2NR is over?,"We should evaluate the 1AR theory debate directly after the 2NR because it ensures reciprocity and prevents infinite abuse. [a] Reciprocity means both sides get one speech on the theory shell, avoiding a 2-1 skew. [b] Infinite abuse occurs if the 2AR can respond without a 3NR, letting the aff always win by default since the neg can't defend their model of debate."
173,1,restatement_opener,91,[restatement_opener] We should evaluate the theory debate after the 2NR for three reasons.,[Neg · theory debate · 2NR] Why should we evaluate the theory debate after the 2NR?,"We should evaluate the theory debate after the 2NR for three reasons. First, the neg doesn't have a 3NR to respond to the 2AR, so the 2NR must address both forward and backward-looking arguments, complicating collapse. Second, it's a double bind: if the 2AR argument is new, it shouldn't be evaluated because the neg can't respond; if it was in the 1AR, it doesn't matter if we evaluate after the 2NR. Third, 2AR weighing will be new and conceded, leading the judge to give it undue weight without a neg response."
175,1,conclusion_label,101,[conclusion_label] which outweighs; outweighs on magnitude,[Neg · spec truth testing vs. theory · 1AR] How should I format a shell that argues the aff must spec truth testing vs. theory,"The shell should argue that if the 1AC reads a truth testing ROB, they must specify whether it precludes theory or allow the neg to clarify it. The violation is that they didn't specify. Standards: [1] Shiftiness – If the 1N reads theory, the 1AR can claim TT precludes it, negating the neg's theory ground. If the 1N doesn't read it, the aff exploits this, which outweighs on magnitude as it ensures aff wins. [2] Norming – Forces debates to focus on whether TT precludes theory, making the 1N over-allocate on TT and under-cover theory, undermining theory as a norm-setting tool."
177,1,word_count,181,[word_count] 181 words (possibly padded),[Aff · full theory shell] How do I format a shell arguing that the aff must specify how their offense links under their role of the ballot,"To format a shell arguing that the aff must specify how their offense links under their role of the ballot, start with the interpretation: the aff must explicitly specify a comprehensive advocacy text in the 1AC, clarifying how their offense links to the role of the ballot, whether it's post-fiat or pre-fiat offense, and provide a clear explanation of the advocacy’s actor, action, and object. Violation: they didn’t. Standards: 1. Engagement – Knowing their advocacy is essential for making meaningful arguments. Our interp ensures relevance to your method, and distinguishing pre-fiat or post-fiat offense sets a standard for relevance. This is crucial for kritikal affs, where norms are unclear. Impacts: a) Education – Without clear advocacy, we miss learning opportunities and hinder novice inclusion. b) Link turns the aff – Your impacts rely on engaging with oppression, but lack of clash undermines credibility. c) Strategy Skew – Ambiguity allows recontextualizing advocacy to dodge links and offense in the 1AR. Framing: The aff can't exclude my shell; it just constrains how they read their advocacy. If I win comparative offense, the shell"
179,1,conclusion_label,100,[conclusion_label] this undermines,[Aff · full theory shell] How do I format a shell arguing that conditionality is a voting issue?,"To format a shell arguing that conditionality is a voting issue, start with the interp and violation: advocacies must be unconditional, and theirs isn’t. Vote aff to rectify skew: [a] they force the 1AR to debate themselves, like reading a CP that solves heg while also turning heg on case, making the 1AR contradict itself, allowing the 2NR to cherry-pick; [b] clash double bind—if I overcover, they kick out of my offense, killing the 1AR's time, and if I undercover, they go for it. This undermines education because arguments are under-contested. Dispo solves by balancing neg flex and 1AR decision-making."
190,1,word_count,144,[word_count] 144 words (possibly padded),[Aff · framework ks theory · 1AR] How should I format a theory shell against neg framework Ks?,"To format a theory shell against neg framework Ks, start with this interpretation: The neg can't derive a route to the ballot based on flaws in the aff framework, meaning framework Ks are bad. Violation: The neg does this by attacking the aff framework. Vote aff for three reasons. First, reciprocity: they can win by disproving the aff framework, but we must win both framework and substance, creating a 2-1 burden. This outweighs due to strength of link and structural abuse, which skews evaluation. Second, strat skew: they moot half of the AC, harming substance education and limiting us to defending the aff framework even if the counter-framework affirms, acting like floating PIKs. Third, ideological flex: frameworks are dispo if defense or an alt is offered, but forcing us to stick with a flawed framework causes ideological polarization, which turns and outweighs the K."
194,1,conclusion_label,51,[conclusion_label] this means that,[General · metatheory first] Why does metatheory matter in evaluating our shell?,"Metatheory matters in evaluating your shell because it questions the epistemic validity of the shell itself. If metatheory comes first, it challenges the foundational assumptions of your shell, potentially rendering it invalid before any substantive evaluation. This means that any arguments about the shell's content are secondary to the metatheoretical critique."
199,1,restatement_opener,39,[restatement_opener] We should reject out of round violations and screenshots because they are unveri,[General · reject out of round violations] Why should we reject out of round violations and screenshots?,"We should reject out of round violations and screenshots because they are unverifiable and susceptible to manipulation, like using inspect element. This forces judges to intervene and opens the door for dishonest claims about disclosure violations, which is unfair."
202,1,conclusion_label,124,[conclusion_label] this ensures,[Neg · conditionality · 2NR] How should I format a response to conditionality bad?,"To respond to ""conditionality bad,"" start with a counterinterp: the neg may read one or more conditional counterplans. Conditionality is good for several reasons. First, neg flex: the neg needs strategic flexibility in the 1NC, while the aff has infinite prep and can adjust in the 1AR. This ensures the aff is tested from multiple angles, maintaining competitive balance. Second, ideological flexibility: defending positions from multiple angles helps debaters justify arguments and engage with diverse perspectives, which is crucial in polarized political climates. Third, 1AR strategic thinking: condo forces the 1AR to make strategic decisions, enhancing critical thinking skills. Finally, neg ground: requiring unconditional counterplans would either eliminate counterplans or force the neg to rely on T and theory, harming debate quality and education."
205,1,conclusion_label,85,[conclusion_label] which outweighs,[Neg · Condo AT Time Skew · 2NR] How do I answer the argument that conditionality cuses strat skew?,"Conditionality doesn't cause strat skew because conditional perms check abuse. The aff has multiple conditional worlds, which outweighs neg condo. A) Strategy: The aff gets the final choice in the 2AR and can shift focus from the plan. B) Time: Counterplans take 2 minutes to read, while the perm takes half a second. C) Burdens: The neg needs a net benefit, but the perm doesn't. Turn: Condo lets the aff use one advantage to counter multiple neg worlds. No impact: Both sides have 13 minutes."
210,1,restatement_opener,71,[restatement_opener] We should reject 1AR voting issues because the aff already has significant advan,[Neg · 1AR voting issues · 1NC] Why should we reject 1AR voting issues?,"We should reject 1AR voting issues because the aff already has significant advantages in the debate. First, they have infinite prep time before the AC, allowing them to frame the debate and script the 1AR perfectly. Second, the aff can be highly abusive in the 1AR, and judges are often hesitant to vote on 2N theory due to the 6-3 time skew, which further tilts the debate in the aff's favor."
211,1,restatement_opener,102,"[restatement_opener] We should reject 1AR theory because it skews the debate in favor of the aff, who",[Neg · 1AR theory · 1NC] Why should we reject 1AR theory?,"We should reject 1AR theory because it skews the debate in favor of the aff, who already speaks first and last and has unlimited prep time. Introducing new layers in the 1AR forces the 2NR to overcover, risking a 3-minute 2AR collapse on any layer. This necessitates judge intervention, making decisions arbitrary. The neg only has one chance to respond, while the aff gets two, creating an unfair advantage. Additionally, fear of 1AR meta-theory deters the 1NC from checking abuse, undermining fair engagement. Finally, claims of infinite abuse are exaggerated; spikes and functional limits provide sufficient checks within the debate's time constraints."
218,1,restatement_opener,59,[restatement_opener] We should reject new paradigm issues after the 1NC for three reasons.,[Neg · new paradigm issues · 2NR] Why should we reject new paradigm issues after the 1NC?,"We should reject new paradigm issues after the 1NC for three reasons. First, allowing them encourages endless sandbagging in the 1AR, which splits the 2NR. Second, the 1NC is crafted with the current paradigm issues in mind, so introducing new ones disrupts strategic planning. Third, introducing paradigm issues in the aff allows for more rigorous testing throughout the debate."
219,1,restatement_opener,56,[restatement_opener] We should use competing interpretations because reasonability invites arbitrary ,[General · competing interps over reasonability] Why should we use competing interpretations?,"We should use competing interpretations because reasonability invites arbitrary judge intervention due to the lack of a clear standard for what's reasonable. Without knowing the judge's ""bs meter,"" decisions become unpredictable. Additionally, reasonability often collapses into competing interps anyway, as both approaches ultimately require establishing clear brightlines under an offense-defense paradigm, similar to comparing two interpretations."
220,1,restatement_opener,79,[restatement_opener] We should reject RVIs for four reasons.,[General · no RVIs] Why should we reject RVIs?,"We should reject RVIs for four reasons. First, they're illogical because fairness is just a prerequisite for engaging in substance, not a reason to win. Second, they create bad norms since you can't concede the counterinterp if you realize you're wrong. Third, RVIs have a chilling effect by forcing you to split your 2AR, preventing effective collapsing against the 2NR. Fourth, they harm topic education by encouraging 1AR blipstorm scripts instead of focusing on substantive debate after resolving theory."
221,1,defines_basic_terms,57,[defines_basic_terms] which means ,[Neg · fairness · 2NR] Why are fairness and jurisdiction voters?,"Fairness is a voter because it's essential to debate; without it, you can't engage with the aff, which means no education can occur. Jurisdiction is a voter because judges can't vote on the aff if it isn't topical. Both fairness and jurisdiction are foundational to ensuring the debate functions properly and that the judge's role is respected."
222,1,restatement_opener,64,[restatement_opener] We should reject RVIs for three reasons.,[General · no RVIs] Why should we reject RVIs?,"We should reject RVIs for three reasons. First, they encourage theory baiting and discourage checking real abuse. Second, RVIs are illogical because you don't win for being fair; logic is a meta-constraint that comes lexically prior to substantive arguments. Third, there's a double bind: either the theory shell is unwarranted and easy to answer, or it stands because there's actual abuse in the round."
224,1,restatement_opener,67,[restatement_opener] We should reject the act-omission distinction for two main reasons.,[General · Yes Act-Omission Distinction] Why should we reject the act-omission distinction?,"We should reject the act-omission distinction for two main reasons. First, without this distinction, you'd be responsible for every omission, leading to infinite obligations, like being culpable for not curing cancer right now. Second, in scenarios like the Trolley Problem, the distinction lets us avoid blame in unavoidable situations. If omissions were culpable, we'd always be wrong, making morality inaccessible and preventing agents from taking moral actions."
227,1,restatement_opener,47,[restatement_opener] We should reject the use of induction to justify actions because induction relie,[General · induction fails] Why should we reject the use of induction to justify actions?,"We should reject the use of induction to justify actions because induction relies on the assumption that past events will repeat in the same way, which isn't guaranteed. This creates a circular reasoning problem: using inductive reasoning to justify itself doesn't provide a solid foundation for predictions."
228,1,defines_basic_terms,79,[defines_basic_terms] which means ,[General · consequences] Why do consequences fail as a basis for ethics?,"Consequences fail as a basis for ethics because they lead to endless causal chains with no clear endpoint, making it impossible to determine when a consequence truly ends. We can't predict consequences with certainty before they happen, so they can't guide our actions effectively. Additionally, the ability to shift our desires makes consequence-based ethics escapable and circular. Circumstances constantly change, complicating our ability to gather enough information to predict outcomes, which means ethical calculations become impractical and halt decision-making."
246,1,defines_basic_terms,92,[defines_basic_terms] which means ,[General · Kant] How do Kantians respond to the schmagency objection?,"Korsgaard's response is that the schmagent is self-undermining: to ask 'why be rational?' is already to engage in rational deliberation, which means you're already committed to giving and responding to reasons — a schmagent who reasons about whether to care about rationality has already abandoned the schmagent position. The deeper response is that the regress isn't unique to Kant: every normative theory faces 'why care?' and Kant's answer — rationality is constitutive of agency itself — is more fundamental than 'because it maximizes welfare,' which just pushes the question back a step."
249,1,defines_basic_terms,91,[defines_basic_terms] is a form of ,[General · Kant] What is constitutivism and how does it ground Kantian ethics?,"Constitutivism holds that moral norms are constitutive of rational agency — not external constraints but standards implicit in what it means to be an agent at all. Korsgaard's version argues the CI is binding because acting against it undermines your agency's own unity: a lying agent deploys reasons she simultaneously repudiates, which is a form of self-destruction. The payoff in debate is that constitutivism sidesteps the 'why be moral?' challenge — if morality is built into agency itself, opting out means opting out of being an agent, not just being irrational."
272,1,defines_basic_terms,94,[defines_basic_terms] which means ,[General · Levinas] How does Levinas differ from Kant and why does universal law miss the particular Other?,"Kant grounds ethics in universalizability — the maxim must hold for all rational beings equally, which means particular individuals matter only insofar as they instantiate the universal. Levinas argues this makes ethics start in the wrong place: the particular face of this Other, here, now, is the ethical event, and any universal law is already an abstraction that has lost it. The Kantian move to universalize is itself a form of totalization, replacing the singular with a category. For Levinas, ethics cannot be derived top-down from reason; it must begin in the irreducible encounter."
309,1,conclusion_label,80,[conclusion_label] this undermines,[General · util] What is the butterfly objection to consequentialism?,"The butterfly objection holds that consequentialism is useless as an action-guide because causal chains are too complex to predict—even well-intentioned acts can cascade into catastrophes we couldn't foresee, meaning we can never know which action actually maximizes welfare. The problem is structural: if we can't know consequences, we can't know what's right under consequentialism. This undermines the framework unless utilitarians retreat to rule-based proxies, which look increasingly like deontological constraints and lose the distinctive consequentialist claim that only outcomes matter."
357,1,word_count,31,[word_count] 31 words (too sparse),[General · lexicality] Why claim some values are lexically prior?,Lexical priority says certain violations are impermissible no matter how large the aggregated benefits elsewhere—torture for paradise remains out of bounds. That blocks counterintuitive tradeoffs a single utilitarian number would permit.
366,1,defines_basic_terms,81,[defines_basic_terms] refers to ,[General · is–ought · naturalism] How do naturalists respond to the is–ought gap?,"Naturalists close the gap by denying moral properties are metaphysically distinct from natural ones—if ‘wrongness’ rigidly refers to whatever natural property fills the wrongness causal role, then ‘ought’ follows from ‘is’ the way ‘is charged’ follows from microphysics. A weaker version reframes ‘ought’ as shorthand for what satisfies standards implicit in practical reasoning, so the gap only marks missing premises about goals, not a fundamental divide. The debate hinge is whether those bridging moves are principled or just hidden normative premises."
376,1,defines_basic_terms,60,[defines_basic_terms] refers to ,[General · naturalism] What is synthetic naturalism?,"Synthetic naturalism identifies moral properties with natural ones through empirical identity rather than analytic equivalence—‘wrongness’ rigidly refers to whatever natural property fills the moral causal role, just as ‘heat’ refers to mean kinetic energy rather than to a concept. This defuses Moore’s open-question argument because cognitive openness doesn’t entail metaphysical distinctness: ‘Is mean kinetic energy actually hot?’ feels open too."
403,1,word_count,26,[word_count] 26 words (too sparse),[Aff · permissibility] Why does permissibility affirm under comparative world?,"The aff answers permissibility triggers by arguing that permissibility affirms under comparative worlds: if the neg can't prove the action is prohibited, voting neg is unjustified."
437,1,defines_basic_terms,92,[defines_basic_terms] refers to ,[General · cap K] What is socialism and how does it differ from typical cap K alternatives?,"Socialism in debate usually refers to collective or democratic ownership of the means of production — workers own their firms, or the state owns key industries, rather than private capital. It differs from typical cap K alts in that socialism usually preserves a market mechanism for consumer goods while eliminating private capital accumulation, whereas cap K alts often go further, calling for rejection of the entire commodity form. In practice, the distinction matters for solvency: socialist markets still have profit motive and growth pressure, while fully non-market alts face the coordination problem."
447,1,defines_basic_terms,92,[defines_basic_terms] refers to ,[General · nuclearism K] What is nuclearism and why is nuclear deterrence logic dangerous?,"Nuclearism refers to the ideological and institutional commitment to nuclear weapons as the foundation of security — the belief that nuclear deterrence is not just a policy but a rational necessity that cannot be questioned without endangering stability. The K argues this logic is dangerous because it normalizes the permanent threat of human extinction as an acceptable condition of political order, crowds out disarmament by treating it as naive, and creates a self-sustaining arms complex with institutional interests in proliferation. Deterrence works until it doesn't, and the consequences of failure are irreversible."
470,1,defines_basic_terms,80,[defines_basic_terms] which means ,[General · colorblindness K] Why does the colorblindness K argue that ignoring race reproduces racial hierarchy?,"Colorblindness reproduces racial hierarchy because it treats formally equal procedures as substantively equal despite a history of systematic exclusion that still shapes every material condition. When you refuse to see race, you refuse to see the accumulated effects of anti-blackness, which means those effects continue compounding without intervention. The K links to race-neutral affs: by claiming to transcend race, they entrench the structures that make race matter, because those structures are invisible to a framework that refuses to name them."
478,1,defines_basic_terms,101,[defines_basic_terms] which means ,[Aff · afropessimism] How does the aff respond to general dishonor as a pillar of social death?,"The general dishonor claim proves too much — if Black people are permanently incapable of accumulating social standing regardless of circumstance, it renders the K unfalsifiable and collapses into a closed system immune to evidence. Turn the impact: if dishonor is total and structural, then even winning the ballot doesn't restore standing, which means the K provides no mechanism for change and the aff's material gains are strictly preferable. You can also press that the claim erases Black agency — the premise that no Black social act can generate honor is itself a form of the erasure Afropessimism claims to critique."
480,1,defines_basic_terms,100,[defines_basic_terms] refers to ,[General · afropessimism] What is the libidinal economy and why does it matter for the anti-blackness K?,"The libidinal economy refers to the psychic and affective investments — the desires, pleasures, and anxieties — that structure anti-Black civil society at an unconscious level. Wilderson argues that anti-blackness is not just a material arrangement of resources and rights but a libidinal one: civil society derives coherence and psychic pleasure from Black abjection, which is why reform is insufficient. You can't redistribute your way out of a structure of desire. The K uses this to block utilitarian frameworks — even if the aff improves Black material conditions, it cannot address the libidinal investment that makes those conditions continually reproduced."
493,1,defines_basic_terms,96,[defines_basic_terms] which means ,[Aff · psychoanalysis K] What is the nonfalsifiability objection to psychoanalysis and how do you run it in the 2AR?,"Popper's objection is that psychoanalysis makes no falsifiable claims: if a patient confirms the analyst's interpretation, the theory is verified; if they deny it, the denial is itself interpreted as resistance — confirmation again. A theory that cannot in principle be refuted makes no empirical claims and has no explanatory power. In the 2AR, run this as a framework issue: the neg's entire K is built on a self-sealing structure where any aff response can be reinterpreted as further evidence, which means the judge has no basis for evaluating the K's claims against the aff's evidence."
531,1,defines_basic_terms,63,[defines_basic_terms] which means ,[General · Anthropocentrism K] How do I answer an anthropocentrism K?,"Answer anthropocentrism Ks with an impact turn: Most environmental policy requires human institutional buy-in, which means anthropocentric framing is a strategic necessity, not a moral commitment. Press on the alt: if decentering the human subject is the solvency mechanism, how does it actually stop deforestation or species extinction? No mechanism, no alt solvency — you're just shifting rhetorical registers while the crisis continues."
547,1,word_count,162,[word_count] 162 words (possibly padded),[General · settler colonialism K] What are Tuck and Yang's settler moves to innocence?,"Tuck and Yang identify six moves settlers make to evade the material demand of decolonization. Settler nativism — the Indian-grandmother complex — involves claiming a distant Indigenous ancestor to deflect a settler identity, while continuing to occupy stolen land. Settler adoption fantasies hold that white people can ""go native"" through adoption into an Indigenous community, treating Indigeneity as a transferable identity rather than a political, land-based relationship. Colonial equivocation uses ""decolonization"" as a metaphor for unrelated social justice work, diluting the specific demand of land repatriation. Conscientization reduces decolonization to an internal mental or academic project rather than a material change in land ownership. A(s)t(e)risk peoples treats Indigenous nations as at-risk data-set minorities rather than sovereign entities, allowing settlers to ignore ongoing occupation. Re-occupation and urban homesteading lets settlers claim a native-like relationship to land through eco-activism, recentering the settler without relinquishing title. Every move redirects away from land — which Tuck and Yang insist is the only non-metaphorical site of decolonization."
571,1,conclusion_label,81,[conclusion_label] this allows,[General · Kritik] How do root cause arguments work on the K?,"Root cause arguments claim that the structural logic the K identifies — capitalism, anthropocentrism, white supremacy — produces the aff's harms as downstream effects, so the plan doesn't fix anything because the root cause persists. The mechanism is that surface-level policy interventions are epiphenomenal: they treat symptoms without touching the underlying system that regenerates those symptoms. This allows the negative to argue that the aff's impacts are non-unique because the root cause guarantees they'll recur regardless of what the plan does."
597,1,defines_basic_terms,60,[defines_basic_terms] which means ,[General · topicality] What is extra-topicality?,"Extra-topicality is when the aff's plan does more than the resolution requires — they're topical as far as the resolution goes, but they've added a plank that the resolution doesn't authorize. The story is that the aff gains advantages from non-topical plan elements, which means the neg must answer solvency arguments grounded in things outside the topic which is unpredictable."
598,1,defines_basic_terms,85,[defines_basic_terms] is when the aff ,[General · topicality] What is effects topicality?,"Effects topicality is when the aff claims to be topical only through a causal chain — the plan itself isn't a resolutional action, but its downstream effects produce something topical. It's abusive because it allows the aff to avoid the literal meaning of the resolution by deferring topicality to speculative second-order consequences. This expands the topic dramatically: any policy could be 'topical' if you trace effects far enough. The neg should argue that topicality must apply to the plan action itself, not its hypothetical results."
636,1,defines_basic_terms,89,[defines_basic_terms] which means ,[General · skep triggers] Why should we reject skep triggers?,"Skep triggers are a voting issue on two independent grounds. First, they're morally repugnant: a trigger that says moral claims are unknowable or false sanctions atrocities — if skepticism is true, there's no reason to reject genocide or torture, which means voting for skep endorses that conclusion. Second, they function as functional NIBs — the neg only has to win one trigger for the round to become undecidable, while the aff must beat every single one, creating an unbounded offensive asymmetry that has nothing to do with the resolution."
656,1,word_count,23,[word_count] 23 words (too sparse),[Neg · impact calculus · 2NR] How do I pair timeframe with a turns-case argument?,"Run timeframe as a sequencing argument: your impact happens first, which collapses the ability to solve your opponent's impact or directly causes it."
663,1,word_count,24,[word_count] 24 words (too sparse),[General · non-unique] What is a non-unique and when does it beat a disadvantage?,"A non-unique argues that the disadvantage's impact happens in the status quo regardless of the plan, so the plan can't be blamed for it."
669,1,word_count,159,[word_count] 159 words (possibly padded),"[General · perm theory] What are textually intrinsic, functionally non-intrinsic permutations?","Textually intrinsic, functionally non-intrinsic permutations change the wording of the plan without altering its substantive function. These perms modify the plan's text to dodge net benefits by addressing the CP's semantics rather than its function. The most common example of the utility of this permutation is if the negative reads a semantically-tricky counterplan like ""The United States ought to first-strike North Korea if and only if [the plan is implemented]"". In this case, the negative artificially generates a net benefit that's clearly not germane to the plan - a functional NFU policy that prevents the U.S. from first striking North Korea - while semantically preventing 'permutation do both'. The affirmative can employ a textually intrinsic, functionally non-intrinsic permutation that does the plan and implements a functional NFU mandate - the United States ought not first-strike North Korea. This approach keeps the plan and counterplan's function intact while changing the text to permute a CP that relies on semantic tricks."
682,1,defines_basic_terms,62,[defines_basic_terms] refers to ,[General · condo] what is conditionality and why is it a voter,"Conditionality refers to the negative practice of reading at least one advocacy and being able to drop it at any point. It's a voter because it forces the aff to cover multiple conditional worlds, making the debate unfair by spreading the 1AR too thin, allowing the 2NR to collapse on the most undercovered positin and leaving the 2AR with an unmanageable burden."
683,1,restatement_opener,63,[restatement_opener] We should prioritize terms of art on topicality because they ensure precision an,[General · topicality] why should we prioritize terms of art on topicality?,"We should prioritize terms of art on topicality because they ensure precision and stability in debates. Terms of art have specific meanings within a field, providing a clear, shared understanding of the resolution for both teams. This predictability limits the range of possible affs to those aligning with established interpretations, allowing the neg to prepare effectively and maintaining competitive fairness and educational value."
684,1,conclusion_label,81,[conclusion_label] this undermines,[General · induction] What is induction fails and why does it undermine naturalistic frameworks?,"Induction fails because it's circular: it uses itself to justify itself by arguing that past trends will continue to hold true in the future because they have always done so. This undermines naturalistic frameworks because they rely on induction to derive moral properties from natural ones. Without a non-circular basis to ensure that past observations predict future moral truths, naturalistic attempts to bridge the is-ought gap become unstable, as they depend on inductive reasoning to connect empirical observations to moral conclusions."
703,1,word_count,33,[word_count] 33 words (too sparse),[General · DA] What does uniqueness mean and why does it matter?,"Uniqueness is a component of a disadvantage that shows the impact isn't occurring in the status quo. Without uniqueness, the plan doesn't cause anything new or unique because the impact would happen anyway."
709,1,restatement_opener,57,[restatement_opener] We should prioritize reasonability over competing interpretations because it pre,[General · theory] Why should we prioritize reasonability over competing interpretations in our framework arguments?,"We should prioritize reasonability over competing interpretations because it prevents debates from devolving into a search for minor violations. Competing interps encourages debaters to exploit the smallest infractions, which shifts focus away from substantive argumentation and topic education. Reasonability promotes a more balanced approach by allowing for flexibility and context, reducing the likelihood of frivolous theory debates."
